gene,drug,screen,n_meth,n_unmeth,shift_pct,p,rho_expr
SLFN11,OLAPARIB,REP.PRIMARY,76,395,-1.5861773298997948,0.7017297977930465,-0.040400642641931765
SLFN11,IRINOTECAN,REP.PRIMARY,74,380,8.775783835273003,0.04099284201858926,-0.19467650474753898
SLFN11,9-AMINOCAMPTOTHECIN,REP.PRIMARY,68,344,2.182836891185735,0.6227913617326188,-0.11222815398814447
SLFN11,GEMCITABINE-ELAIDATE,REP.PRIMARY,68,344,11.755094685605538,0.007311595785371566,-0.3941086890758839
SLFN11,GEMCITABINE,REP.PRIMARY,74,380,3.7477187257897118,0.38279867524979017,-0.20101608573129048
SLFN11,MITOXANTRONE,REP.PRIMARY,76,393,0.07978641996829999,0.984810495859771,0.006399051808038469
SLFN11,TEMOZOLOMIDE,REP.PRIMARY,76,393,1.9685038933077506,0.6366563755736238,-0.08204856024933886
SLFN11,ETOPOSIDE,REP.PRIMARY,76,396,2.0338582666539695,0.6310654410925345,-0.05040713006872806
SLFN11,CAMPTOTHECIN,REP.PRIMARY,75,389,-2.106245825407771,0.6173555330881255,0.04506369026469887
SLFN11,TOPOTECAN,REP.PRIMARY,75,386,5.290651725468931,0.20126052048817852,-0.19724001605259825
SLFN11,10-HYDROXYCAMPTOTHECIN,REP.PRIMARY,72,374,3.210192709265781,0.44785077197509526,-0.06725461408805179
SLFN11,CISPLATIN,REP.PRIMARY,72,374,0.8512543177610549,0.8406330696454797,-0.05124276831132068
SLFN11,ETOPOSIDE-PHOSPHATE,REP.PRIMARY,76,383,-2.7227970618384516,0.5171932748716215,-0.044262547795468815
SLFN11,OXALIPLATIN,REP.PRIMARY,72,374,0.036608178445491295,0.993098712678098,0.04223490203032584
SLFN11,OXALIPLATIN,REP.PRIMARY,72,374,1.0679253486196874,0.8025738986413035,-0.09967473045676378
SLFN11,SN-38,REP.PRIMARY,76,395,1.7585281741841459,0.670834090628949,0.010654238949329521
SLFN11,CARBOPLATIN,REP.PRIMARY,72,368,2.185754861407982,0.612216599375187,-0.07445542571873129
SLFN11,DOXORUBICIN,REP.PRIMARY,76,397,-3.1216447636697535,0.44736483918602926,0.003852101429290808
SLFN11,TALAZOPARIB,REP.PRIMARY,77,397,5.846441199467037,0.15694281072824728,-0.14571303272776967
MGMT,OLAPARIB,REP.PRIMARY,56,407,0.39456548651935314,0.9260107738515347,-0.004382160813587829
MGMT,IRINOTECAN,REP.PRIMARY,55,391,3.228707954009952,0.46025244205269683,-0.03589914683673987
MGMT,9-AMINOCAMPTOTHECIN,REP.PRIMARY,43,361,-5.451555799952246,0.2564820409280103,0.07720032366160315
MGMT,GEMCITABINE-ELAIDATE,REP.PRIMARY,43,361,-1.5544960205786935,0.7444777611683712,0.01190247194066897
MGMT,GEMCITABINE,REP.PRIMARY,55,391,-2.089732223374909,0.6315867534759636,0.0016615352575146765
MGMT,MITOXANTRONE,REP.PRIMARY,56,405,-0.7110870228382555,0.8685109144983726,-0.021947744864759887
MGMT,TEMOZOLOMIDE,REP.PRIMARY,56,405,-11.081227986765184,0.009080149944802031,0.16949735571397687
MGMT,ETOPOSIDE,REP.PRIMARY,56,408,-5.13854190152242,0.23514635706680503,0.015596068569409397
MGMT,CAMPTOTHECIN,REP.PRIMARY,55,401,-6.792795314014446,0.11529831605613763,0.04228028923684941
MGMT,TOPOTECAN,REP.PRIMARY,56,397,-7.311311164747184,0.08668955726258158,0.02142578392852788
MGMT,10-HYDROXYCAMPTOTHECIN,REP.PRIMARY,50,391,-1.1224524387800061,0.8020804232163474,0.04087386271208374
MGMT,CISPLATIN,REP.PRIMARY,50,391,3.961218586065714,0.3755297891611928,0.03818720432389263
MGMT,ETOPOSIDE-PHOSPHATE,REP.PRIMARY,56,395,-3.764762862534866,0.3834298386250684,0.0793157650153376
MGMT,OXALIPLATIN,REP.PRIMARY,50,391,0.8071714926463864,0.8575121060096272,0.008734217709448799
MGMT,OXALIPLATIN,REP.PRIMARY,50,391,-8.2725701898661,0.06690915304242055,0.08847117718193347
MGMT,SN-38,REP.PRIMARY,56,407,-4.437535339586748,0.2958785755398077,0.025431893607056433
MGMT,CARBOPLATIN,REP.PRIMARY,50,385,-3.831232388882032,0.40201248105999104,-0.051773909228237436
MGMT,DOXORUBICIN,REP.PRIMARY,56,410,-2.359424397114149,0.5763161112261153,0.002491832141447076
MGMT,TALAZOPARIB,REP.PRIMARY,57,409,-2.550376740466767,0.546753859322502,0.01940203519160706
