gene,shift@0.3,shift@0.5,shift@0.7,fdr@0.3,fdr@0.5,fdr@0.7
A4GALT,-28.669,-28.814,-30.397,0.0,0.0,0.0
AADAT,-30.79,-31.208,-32.298,0.0,0.0,0.0
AASS,-23.205,-29.246,-29.901,0.0,0.0,0.0
ABCG1,-31.104,-31.683,-35.419,0.0,0.0,0.0
ABHD8,-22.082,-30.482,-33.715,0.0,0.0,0.0
ABR,-27.435,-28.969,-31.857,0.0,0.001,0.0
ACCS,-32.343,-39.032,-41.324,0.0,0.0,0.0
ACTR3C,-20.335,-20.003,-20.252,0.0,0.0,0.0
ACTRT3,-33.29,-37.675,-39.984,0.0,0.0,0.0
ACVR1C,-26.54,-25.593,-24.409,0.0,0.0,0.007
ADAM19,-26.614,-28.215,-27.628,0.0,0.0,0.0
ADAMTS1,-22.287,-24.648,-21.888,0.0,0.0,0.0
ADAMTS15,-27.847,-30.409,-24.421,0.0,0.0,0.0
ADAMTS17,-27.078,-26.276,-23.692,0.0,0.0,0.0
ADCY1,-30.265,-32.006,-33.557,0.0,0.0,0.0
ADCY9,-25.23,-24.433,-21.502,0.001,0.006,0.03
ADD2,-33.006,-34.608,-33.418,0.0,0.0,0.0
ADGRE5,-22.439,-29.599,-33.786,0.0,0.0,0.0
ADGRL2,-25.681,-25.138,-23.874,0.0,0.0,0.0
ADHFE1,-31.907,-33.034,-32.913,0.0,0.0,0.0
ADIRF,-35.734,-33.992,-31.295,0.0,0.0,0.0
ADM,-35.721,-35.828,-39.201,0.0,0.0,0.0
ADPRH,-27.123,-34.592,-37.66,0.0,0.0,0.0
ADRA1B,-25.968,-28.028,-27.649,0.0,0.0,0.0
ADRA2C,-28.457,-30.817,-27.8,0.0,0.0,0.0
ADRB1,-25.475,-30.195,-34.136,0.0,0.0,0.0
ADRB2,-27.942,-27.167,-27.972,0.0,0.0,0.0
AEBP1,-24.506,-29.149,-27.04,0.0,0.0,0.0
AFAP1L1,-24.85,-29.684,-28.371,0.0,0.0,0.0
AGBL2,-37.064,-39.544,-38.103,0.0,0.0,0.0
AGMAT,-25.177,-27.454,-30.854,0.0,0.0,0.0
AHR,-29.582,-34.829,-36.025,0.0,0.0,0.0
AIF1L,-21.684,-22.26,-20.084,0.0,0.0,0.003
AIFM2,-32.506,-34.973,-33.776,0.0,0.0,0.0
AJAP1,-27.232,-26.478,-23.178,0.0,0.0,0.0
AK3,-22.887,-25.384,-44.856,0.0,0.0,0.0
AK4,-20.035,-20.441,-26.517,0.0,0.001,0.001
AKAP7,-31.71,-37.316,-43.839,0.0,0.0,0.0
AKR1E2,-27.267,-32.832,-32.525,0.0,0.0,0.0
ALDH2,-35.931,-36.483,-34.949,0.0,0.0,0.0
ALDOC,-39.87,-42.972,-40.747,0.0,0.0,0.0
ALKBH3,-31.341,-41.931,-40.513,0.0,0.0,0.0
ALOX12,-28.363,-23.981,-24.679,0.0,0.0,0.0
AMDHD1,-24.493,-37.424,-37.529,0.0,0.0,0.0
AMIGO1,-27.529,-27.509,-30.927,0.0,0.0,0.0
AMIGO2,-23.864,-23.674,-21.758,0.0,0.0,0.0
AMOTL1,-24.827,-25.632,-25.762,0.0,0.0,0.0
ANGPTL2,-29.259,-27.548,-24.51,0.0,0.0,0.0
ANKEF1,-30.039,-36.08,-37.196,0.0,0.0,0.0
ANKRD18A,-25.425,-29.989,-28.095,0.0,0.0,0.0
ANKRD18B,-25.435,-27.236,-27.543,0.0,0.0,0.0
ANKRD31,-30.024,-32.119,-33.765,0.0,0.0,0.0
ANKRD6,-28.909,-26.21,-26.49,0.0,0.0,0.002
ANKRD63,-24.53,-30.873,-28.895,0.0,0.0,0.0
ANO5,-30.625,-28.704,-22.715,0.0,0.0,0.0
ANPEP,-23.499,-24.238,-23.584,0.0,0.0,0.0
ANXA2R,-23.636,-31.362,-33.643,0.0,0.0,0.0
APBA1,-23.172,-29.83,-24.919,0.0,0.0,0.0
APBB1,-33.44,-35.645,-33.123,0.0,0.0,0.0
APOBEC3D,-22.527,-23.439,-21.644,0.0,0.0,0.0
AQP3,-23.311,-22.851,-22.762,0.0,0.0,0.0
ARFGEF3,-28.577,-29.658,-32.144,0.0,0.0,0.0
ARHGAP20,-24.186,-23.669,-21.182,0.0,0.0,0.0
ARHGAP39,-23.554,-21.167,-20.519,0.0,0.0,0.0
ARHGAP42,-23.398,-31.751,-33.482,0.0,0.0,0.0
ARHGDIB,-24.629,-26.553,-23.234,0.0,0.0,0.0
ARHGEF26,-25.217,-25.662,-23.981,0.0,0.0,0.0
ARHGEF37,-24.94,-26.989,-26.104,0.0,0.0,0.0
ARMCX1,-22.552,-22.905,-20.792,0.0,0.0,0.0
ARMCX4,-28.726,-31.996,-31.525,0.0,0.0,0.0
ARRDC4,-35.849,-33.251,-29.459,0.0,0.0,0.0
ARSD,-32.225,-29.998,-30.719,0.0,0.0,0.0
ART5,-20.096,-23.533,-24.143,0.0,0.0,0.0
ATF7IP2,-26.977,-32.784,-34.049,0.0,0.0,0.0
ATP8B2,-26.444,-24.481,-22.005,0.0,0.0,0.0
ATRNL1,-33.826,-34.621,-34.259,0.0,0.0,0.0
B3GALNT1,-35.155,-35.639,-37.939,0.0,0.0,0.0
B3GALT4,-36.35,-37.756,-37.941,0.0,0.0,0.0
B3GNT5,-23.825,-22.119,-22.847,0.0,0.0,0.0
B3GNT7,-25.555,-26.676,-27.383,0.0,0.0,0.0
B3GNT9,-25.369,-27.035,-26.959,0.0,0.0,0.0
B4GALNT1,-28.992,-31.564,-32.88,0.0,0.0,0.0
B4GALNT4,-32.746,-31.957,-29.382,0.0,0.0,0.0
B4GALT6,-37.404,-37.826,-40.439,0.0,0.0,0.0
BARHL2,-24.761,-24.103,-22.332,0.0,0.0,0.0
BASP1,-30.959,-30.067,-29.896,0.0,0.0,0.0
BCL11B,-29.375,-33.054,-34.021,0.0,0.0,0.0
BDH1,-33.03,-38.337,-39.137,0.0,0.0,0.0
BDKRB2,-23.649,-22.951,-21.644,0.0,0.0,0.0
BEND6,-28.884,-31.121,-36.016,0.0,0.0,0.0
BEX5,-22.123,-25.576,-33.039,0.0,0.0,0.0
BHLHA15,-31.104,-33.146,-36.339,0.0,0.0,0.0
BICC1,-21.355,-20.389,-20.95,0.0,0.0,0.0
BIVM,-29.704,-32.623,-35.225,0.0,0.0,0.0
BLMH,-29.871,-36.152,-47.122,0.0,0.0,0.0
BMP2,-30.183,-25.605,-25.562,0.0,0.0,0.0
BMP6,-33.621,-36.51,-37.239,0.0,0.0,0.0
BMP8B,-31.803,-36.145,-38.525,0.0,0.0,0.0
BMPR1B,-23.57,-23.34,-21.472,0.0,0.0,0.0
BNC1,-20.144,-21.618,-20.54,0.0,0.0,0.0
BOC,-20.95,-24.132,-23.094,0.0,0.0,0.0
BOK,-25.531,-25.26,-21.16,0.0,0.0,0.0
BSPRY,-24.217,-26.57,-27.266,0.0,0.0,0.0
BTBD19,-28.56,-27.259,-25.606,0.0,0.0,0.0
C11orf96,-20.63,-23.775,-26.674,0.0,0.0,0.0
C14orf132,-32.956,-29.306,-26.18,0.0,0.0,0.0
C16orf54,-30.406,-25.826,-20.38,0.0,0.0,0.0
C19orf33,-24.254,-29.965,-29.142,0.0,0.0,0.0
C1GALT1C1L,-32.375,-38.022,-38.69,0.0,0.0,0.0
C1orf115,-29.495,-29.719,-29.774,0.0,0.0,0.0
C2CD2,-32.153,-27.745,-22.503,0.0,0.0,0.002
C2orf88,-24.216,-23.539,-23.115,0.0,0.0,0.0
C3orf52,-25.338,-26.738,-33.57,0.0,0.0,0.0
C5orf63,-31.66,-37.603,-39.724,0.0,0.0,0.0
C8orf48,-32.472,-34.659,-34.57,0.0,0.0,0.0
C8orf88,-26.743,-29.433,-26.794,0.0,0.0,0.0
CA2,-33.839,-36.847,-34.794,0.0,0.0,0.0
CA8,-27.858,-27.276,-29.358,0.0,0.0,0.0
CABLES1,-46.405,-46.9,-45.17,0.0,0.0,0.0
CABYR,-32.137,-29.204,-26.804,0.0,0.0,0.0
CACHD1,-30.944,-30.071,-30.36,0.0,0.0,0.0
CACNG4,-29.904,-30.355,-27.515,0.0,0.0,0.0
CADM1,-29.446,-28.399,-27.21,0.0,0.0,0.0
CADPS2,-37.102,-39.842,-36.515,0.0,0.0,0.0
CALHM2,-23.884,-26.529,-26.498,0.0,0.0,0.0
CAMK1,-31.394,-39.515,-40.413,0.0,0.0,0.0
CAMK4,-25.07,-25.357,-21.882,0.0,0.0,0.0
CAV2,-26.185,-26.079,-26.151,0.0,0.0,0.0
CBLN1,-30.282,-25.149,-20.406,0.0,0.0,0.0
CBR1,-26.302,-27.848,-29.013,0.0,0.0,0.0
CCDC110,-26.14,-29.182,-28.991,0.0,0.0,0.003
CCDC122,-27.625,-30.141,-30.77,0.0,0.0,0.0
CCDC149,-22.421,-24.721,-24.993,0.0,0.0,0.0
CCDC169,-34.912,-32.72,-34.31,0.0,0.0,0.0
CCDC181,-25.229,-25.227,-22.448,0.0,0.0,0.0
CCDC184,-29.116,-27.485,-24.443,0.0,0.0,0.0
CCNA1,-31.486,-32.074,-30.108,0.0,0.0,0.0
CCNJL,-30.48,-30.59,-28.628,0.0,0.0,0.0
CCRL2,-32.554,-29.804,-28.898,0.0,0.0,0.0
CCSER1,-25.741,-25.883,-26.251,0.0,0.0,0.0
CD109,-26.333,-31.177,-34.146,0.0,0.0,0.0
CD302,-26.733,-24.417,-23.34,0.0,0.0,0.0
CD40,-27.841,-32.736,-30.35,0.0,0.0,0.0
CDC42BPA,-22.745,-24.004,-22.172,0.0,0.0,0.0
CDC42EP1,-25.68,-24.898,-24.609,0.0,0.0,0.0
CDH2,-27.617,-26.882,-26.924,0.0,0.0,0.0
CDHR1,-26.602,-25.847,-22.343,0.0,0.0,0.0
CDIP1,-37.154,-42.828,-39.543,0.0,0.0,0.0
CDK14,-25.937,-31.291,-35.162,0.0,0.0,0.0
CDK20,-28.286,-31.821,-28.08,0.0,0.0,0.0
CDYL2,-27.453,-33.11,-34.046,0.0,0.0,0.0
CEBPD,-20.929,-20.95,-21.211,0.001,0.001,0.002
CENPV,-32.548,-32.512,-37.551,0.0,0.0,0.0
CEP126,-33.46,-34.637,-32.649,0.0,0.0,0.0
CERS6,-40.539,-44.894,-42.421,0.0,0.0,0.0
CES4A,-31.488,-32.108,-26.17,0.0,0.0,0.0
CFAP69,-20.765,-24.839,-25.136,0.001,0.0,0.001
CFB,-28.655,-25.176,-22.591,0.0,0.0,0.0
CGREF1,-32.161,-32.716,-33.018,0.0,0.0,0.0
CHCHD5,-40.027,-42.962,-43.898,0.0,0.0,0.0
CHDH,-20.093,-21.316,-24.475,0.0,0.0,0.0
CHFR,-39.845,-40.416,-37.966,0.0,0.0,0.0
CHMP4C,-24.75,-22.009,-22.314,0.0,0.0,0.0
CHST10,-25.181,-24.516,-23.452,0.0,0.0,0.0
CHST11,-24.084,-26.766,-22.795,0.0,0.0,0.001
CHST15,-27.418,-29.901,-33.284,0.0,0.0,0.0
CHST2,-27.666,-29.897,-30.386,0.0,0.0,0.0
CHSY3,-24.176,-29.563,-30.152,0.0,0.0,0.0
CIART,-40.086,-33.591,-27.396,0.0,0.0,0.0
CIDEB,-29.966,-28.766,-24.502,0.0,0.0,0.0
CLDN11,-24.209,-22.745,-20.828,0.0,0.0,0.0
CLDN23,-25.396,-26.882,-23.96,0.0,0.0,0.005
CLDN3,-22.795,-22.73,-22.97,0.0,0.0,0.0
CLIC3,-24.793,-23.41,-25.662,0.0,0.0,0.0
CLIP3,-35.455,-30.48,-29.592,0.0,0.0,0.0
CLIP4,-24.94,-24.687,-28.588,0.0,0.0,0.0
CLSTN2,-22.02,-20.764,-20.237,0.0,0.0,0.0
CMPK2,-40.851,-45.869,-45.288,0.0,0.0,0.0
CMTM3,-35.449,-34.291,-33.237,0.0,0.0,0.0
CNKSR1,-37.33,-37.716,-32.16,0.0,0.0,0.0
CNKSR2,-29.551,-32.396,-28.847,0.0,0.0,0.0
CNNM1,-21.142,-20.212,-23.768,0.0,0.0,0.0
CNTLN,-39.533,-40.118,-40.342,0.0,0.0,0.0
CNTN1,-22.214,-22.331,-22.761,0.0,0.0,0.0
COCH,-27.481,-35.953,-40.851,0.0,0.0,0.0
COL4A1,-23.964,-25.099,-23.821,0.0,0.0,0.0
COL4A5,-25.943,-29.228,-27.605,0.0,0.0,0.0
COLEC11,-28.108,-25.744,-21.521,0.0,0.0,0.0
CORO2B,-23.618,-26.225,-27.081,0.0,0.0,0.0
CPEB1,-22.923,-25.745,-25.771,0.0,0.0,0.0
CPNE8,-34.054,-34.759,-34.038,0.0,0.0,0.0
CPQ,-23.063,-31.761,-31.178,0.0,0.0,0.0
CPVL,-24.615,-24.87,-25.865,0.0,0.0,0.0
CR1L,-20.923,-20.998,-22.069,0.0,0.0,0.0
CRISPLD1,-30.77,-25.399,-21.255,0.0,0.0,0.0
CRY1,-48.919,-47.518,-52.138,0.0,0.0,0.0
CSRP1,-34.053,-45.192,-47.337,0.0,0.0,0.0
CT45A10,-37.012,-34.691,-21.593,0.0,0.0,0.0
CTF1,-38.68,-33.15,-26.762,0.0,0.0,0.0
CTHRC1,-27.492,-29.482,-30.828,0.0,0.0,0.0
CTTNBP2,-24.96,-24.203,-20.962,0.0,0.0,0.0
CXCL2,-27.317,-27.359,-24.442,0.0,0.0,0.0
CXCR4,-20.47,-24.802,-24.183,0.0,0.0,0.0
CYB561,-20.28,-23.423,-29.239,0.0,0.0,0.0
CYB5A,-34.999,-36.116,-36.721,0.0,0.0,0.0
CYB5R2,-24.96,-23.618,-26.74,0.0,0.0,0.0
CYBA,-25.221,-28.436,-33.319,0.0,0.0,0.0
CYP1B1,-23.239,-25.944,-26.192,0.0,0.0,0.0
CYP2J2,-23.747,-22.379,-23.247,0.0,0.006,0.015
CYP2S1,-24.838,-24.032,-20.292,0.0,0.0,0.0
CYP2U1,-47.771,-46.554,-47.703,0.0,0.0,0.0
CYP39A1,-26.213,-26.567,-28.454,0.0,0.0,0.0
DACT1,-28.931,-28.564,-22.83,0.0,0.0,0.0
DAPK1,-37.596,-38.405,-40.849,0.0,0.0,0.0
DBNDD2,-28.703,-24.96,-24.308,0.0,0.0,0.001
DCBLD1,-24.329,-28.032,-29.248,0.0,0.0,0.0
DCBLD2,-25.223,-27.128,-23.318,0.0,0.0,0.001
DCHS2,-21.968,-23.521,-23.378,0.0,0.0,0.0
DDAH2,-31.698,-30.061,-29.496,0.0,0.0,0.0
DDN,-20.261,-21.56,-21.202,0.0,0.0,0.0
DDO,-24.383,-23.726,-22.656,0.0,0.0,0.0
DDX53,-35.699,-29.443,-21.608,0.0,0.0,0.0
DEF6,-32.525,-28.854,-24.285,0.0,0.0,0.0
DENND2C,-28.723,-35.095,-38.114,0.0,0.0,0.0
DEPDC7,-34.433,-37.119,-36.972,0.0,0.0,0.0
DHCR24,-28.07,-31.324,-27.37,0.0,0.0,0.004
DHRS3,-24.463,-22.458,-23.646,0.0,0.0,0.0
DIP2C,-34.539,-32.303,-36.137,0.0,0.0,0.0
DIRAS1,-20.415,-22.282,-23.736,0.0,0.0,0.0
DISP3,-35.391,-36.643,-41.017,0.0,0.0,0.0
DKK1,-20.157,-22.402,-23.937,0.0,0.0,0.0
DLL1,-20.209,-22.931,-25.976,0.0,0.0,0.0
DLX1,-24.121,-24.34,-25.125,0.0,0.0,0.0
DLX4,-33.228,-41.289,-38.659,0.0,0.0,0.0
DMRT2,-24.817,-26.399,-24.606,0.0,0.0,0.0
DNAH14,-30.867,-32.58,-33.493,0.0,0.0,0.0
DNAJA4,-34.434,-36.5,-32.55,0.0,0.0,0.0
DNAJC15,-23.549,-20.97,-22.566,0.0,0.0,0.0
DOCK5,-33.036,-33.455,-31.096,0.0,0.0,0.0
DOK6,-30.575,-28.203,-22.295,0.0,0.0,0.0
DPP7,-29.123,-39.941,-41.79,0.0,0.0,0.0
DPY19L2,-20.78,-23.341,-24.06,0.0,0.0,0.0
DPYSL5,-22.329,-22.217,-20.039,0.0,0.0,0.0
DSC3,-26.577,-25.11,-23.876,0.0,0.0,0.0
DSE,-21.682,-24.672,-21.441,0.0,0.0,0.0
DSEL,-25.7,-25.087,-23.519,0.0,0.0,0.0
DTX3,-27.129,-27.706,-25.306,0.0,0.0,0.0
DUSP15,-21.153,-21.121,-22.324,0.0,0.0,0.0
DUSP23,-29.675,-27.965,-27.583,0.0,0.0,0.0
DUSP5,-42.485,-47.548,-46.875,0.0,0.0,0.0
DUSP8,-26.648,-24.77,-22.939,0.0,0.0,0.005
DYNC1I1,-23.915,-23.117,-25.954,0.0,0.0,0.0
DYNLRB2,-24.243,-28.194,-25.195,0.0,0.0,0.0
DZIP1,-31.275,-29.327,-28.979,0.0,0.0,0.0
ECHDC1,-32.201,-40.578,-44.324,0.0,0.0,0.0
ECHDC2,-29.036,-29.625,-30.187,0.0,0.0,0.0
ECHDC3,-32.357,-32.511,-27.773,0.0,0.0,0.0
EDARADD,-25.22,-25.355,-22.446,0.0,0.0,0.0
EDIL3,-23.502,-22.315,-22.315,0.0,0.0,0.0
EFCAB13,-24.47,-28.14,-29.157,0.0,0.0,0.0
EFNB2,-22.596,-24.235,-23.877,0.0,0.0,0.0
EFNB3,-23.379,-24.174,-22.738,0.0,0.0,0.0
EGLN3,-24.283,-24.453,-26.926,0.0,0.0,0.0
EGR4,-24.624,-31.119,-36.057,0.0,0.0,0.0
EHBP1L1,-35.124,-45.161,-46.028,0.0,0.0,0.0
EHD3,-32.664,-33.676,-30.845,0.0,0.0,0.0
EHHADH,-28.197,-26.742,-29.442,0.0,0.0,0.0
EIF4EBP3,-35.085,-35.874,-36.195,0.0,0.0,0.0
EIF5A2,-26.304,-36.95,-37.725,0.0,0.0,0.0
ELOVL2,-22.153,-28.605,-28.936,0.0,0.0,0.0
ELOVL4,-30.656,-32.148,-28.691,0.0,0.0,0.0
ELOVL5,-31.902,-33.575,-34.014,0.0,0.0,0.0
EMB,-23.494,-24.478,-25.46,0.0,0.0,0.0
EMID1,-28.626,-35.251,-36.486,0.0,0.0,0.0
EN2,-34.607,-33.56,-35.198,0.0,0.0,0.0
ENPP1,-24.245,-24.508,-26.253,0.0,0.0,0.0
ENPP4,-30.639,-31.485,-30.916,0.0,0.0,0.0
ENPP5,-28.059,-23.316,-29.046,0.0,0.0,0.0
EPB41L4A,-26.455,-24.655,-25.761,0.0,0.0,0.0
EPDR1,-36.401,-38.863,-35.647,0.0,0.0,0.0
EPHA6,-25.815,-29.28,-26.743,0.0,0.0,0.0
EPHB6,-25.965,-26.143,-31.096,0.0,0.0,0.0
EPHX2,-34.917,-38.123,-34.408,0.0,0.0,0.0
EPHX3,-29.559,-23.736,-20.525,0.0,0.0,0.0
EPHX4,-23.917,-24.252,-24.497,0.0,0.0,0.0
EPM2AIP1,-43.625,-44.173,-43.915,0.0,0.0,0.0
EPS8L2,-27.52,-28.548,-24.48,0.0,0.0,0.0
ERC2,-24.106,-24.235,-22.081,0.0,0.0,0.0
EREG,-26.451,-24.974,-21.462,0.0,0.0,0.0
ESRP2,-32.145,-30.687,-21.266,0.0,0.0,0.0
ETV1,-22.254,-26.801,-24.867,0.0,0.0,0.0
EVC2,-32.135,-33.469,-32.043,0.0,0.0,0.0
EXO5,-25.53,-37.951,-39.702,0.0,0.0,0.0
EYA4,-26.352,-25.706,-22.053,0.0,0.0,0.0
FABP3,-22.478,-24.136,-22.173,0.0,0.0,0.0
FAIM,-37.26,-40.233,-46.914,0.0,0.0,0.0
FAM110B,-23.82,-21.791,-21.289,0.0,0.0,0.0
FAM111A,-25.974,-28.204,-36.794,0.0,0.0,0.0
FAM124A,-27.952,-27.803,-28.664,0.0,0.0,0.0
FAM131A,-24.165,-26.828,-30.723,0.0,0.0,0.0
FAM171A1,-29.175,-35.122,-35.715,0.0,0.0,0.0
FAM171B,-30.652,-33.773,-35.403,0.0,0.0,0.0
FAM178B,-22.9,-27.449,-22.846,0.01,0.0,0.0
FAM181B,-26.078,-24.867,-24.311,0.0,0.0,0.0
FAM184A,-26.663,-35.637,-34.884,0.0,0.0,0.0
FAM20C,-22.518,-22.301,-21.056,0.0,0.0,0.0
FAM221A,-33.492,-37.195,-38.274,0.0,0.0,0.0
FAM24B,-27.446,-33.023,-34.32,0.0,0.0,0.0
FAM50B,-25.624,-32.354,-38.757,0.0,0.0,0.0
FAM53A,-25.382,-35.24,-29.782,0.0,0.0,0.002
FAM78B,-29.865,-39.223,-40.237,0.0,0.0,0.0
FAM83H,-26.525,-21.499,-20.653,0.0,0.0,0.0
FAT1,-26.375,-25.729,-23.008,0.0,0.0,0.0
FBLN1,-21.529,-23.636,-20.676,0.0,0.0,0.0
FBN2,-32.14,-29.504,-27.142,0.0,0.0,0.0
FBXO17,-27.127,-25.746,-24.889,0.0,0.0,0.0
FBXO43,-28.828,-31.48,-32.232,0.0,0.0,0.0
FCHSD1,-38.333,-43.084,-41.475,0.0,0.0,0.0
FERMT2,-25.363,-22.023,-21.238,0.0,0.0,0.0
FGF2,-30.588,-30.08,-31.444,0.0,0.0,0.0
FGFR1,-31.448,-30.899,-29.577,0.0,0.0,0.0
FHIT,-32.646,-30.009,-27.215,0.0,0.0,0.003
FIGN,-32.655,-32.354,-25.713,0.0,0.0,0.0
FILIP1L,-36.863,-37.751,-38.408,0.0,0.0,0.0
FKBP11,-36.791,-39.016,-39.861,0.0,0.0,0.0
FN3K,-24.176,-28.741,-23.97,0.0,0.0,0.0
FNDC11,-25.385,-24.523,-28.612,0.0,0.0,0.0
FOXC1,-20.857,-21.345,-20.895,0.0,0.0,0.003
FOXD3,-27.394,-26.203,-25.759,0.0,0.0,0.0
FOXG1,-34.995,-34.375,-30.689,0.0,0.0,0.0
FOXL2,-21.809,-26.14,-24.464,0.0,0.0,0.0
FRK,-25.141,-25.533,-25.52,0.0,0.0,0.0
FUT4,-31.247,-31.754,-29.846,0.0,0.0,0.0
FUZ,-37.06,-35.236,-32.534,0.0,0.0,0.0
FZD6,-27.752,-32.758,-35.929,0.0,0.0,0.0
FZD8,-30.767,-28.084,-29.918,0.0,0.0,0.0
G0S2,-30.891,-32.283,-32.765,0.0,0.0,0.0
GABRE,-25.399,-29.688,-30.532,0.0,0.0,0.0
GABRQ,-24.82,-26.688,-23.746,0.0,0.0,0.0
GADD45G,-28.256,-29.159,-29.029,0.0,0.0,0.0
GALC,-31.325,-32.134,-32.504,0.0,0.0,0.0
GALNT11,-24.427,-21.245,-21.966,0.0,0.0,0.0
GALNT12,-32.182,-33.579,-41.603,0.0,0.0,0.0
GALNT13,-29.621,-27.146,-24.504,0.0,0.0,0.0
GALNT14,-26.03,-26.839,-30.201,0.0,0.0,0.0
GALNT18,-24.692,-27.435,-29.562,0.0,0.0,0.0
GALNT3,-25.582,-25.816,-23.219,0.0,0.0,0.0
GALNT6,-27.195,-33.972,-37.924,0.0,0.0,0.0
GAS1,-34.786,-33.281,-36.785,0.0,0.0,0.0
GBGT1,-27.314,-26.894,-28.617,0.0,0.0,0.0
GBX2,-23.549,-25.7,-25.139,0.0,0.0,0.0
GCHFR,-35.781,-39.162,-38.359,0.0,0.0,0.0
GEM,-21.037,-23.59,-24.274,0.0,0.0,0.005
GGACT,-22.75,-26.201,-22.439,0.0,0.0,0.013
GGT6,-27.635,-24.573,-21.6,0.0,0.0,0.0
GHR,-21.906,-21.665,-21.422,0.0,0.0,0.0
GJC1,-24.389,-26.278,-29.384,0.0,0.0,0.0
GLDC,-24.829,-24.857,-24.402,0.0,0.0,0.0
GLI3,-26.828,-28.424,-30.462,0.0,0.0,0.0
GLIPR1L2,-28.484,-28.691,-27.414,0.0,0.0,0.0
GLRB,-32.759,-33.051,-28.056,0.0,0.0,0.0
GNAI1,-32.084,-30.372,-27.547,0.0,0.0,0.0
GNAQ,-42.057,-37.464,-34.318,0.0,0.0,0.0
GNB4,-29.915,-30.044,-28.273,0.0,0.0,0.0
GNE,-23.88,-23.059,-22.009,0.0,0.0,0.0
GNG7,-29.367,-33.957,-40.776,0.0,0.0,0.0
GPER1,-21.909,-24.9,-25.22,0.0,0.0,0.0
GPR137B,-31.445,-38.388,-38.756,0.0,0.0,0.0
GPR150,-24.151,-26.363,-25.655,0.0,0.0,0.0
GPR173,-26.453,-31.172,-29.1,0.0,0.0,0.0
GPR176,-25.552,-25.881,-26.251,0.0,0.0,0.0
GPR27,-22.136,-27.392,-27.906,0.0,0.0,0.0
GPR37,-26.991,-29.88,-29.007,0.0,0.0,0.0
GPR63,-23.159,-27.175,-31.39,0.0,0.0,0.0
GPRC5C,-26.245,-24.683,-23.301,0.0,0.0,0.0
GPRIN3,-28.126,-27.808,-32.592,0.0,0.0,0.0
GPX7,-36.765,-36.394,-32.164,0.0,0.0,0.0
GRK3,-28.186,-37.136,-38.894,0.0,0.0,0.0
GSAP,-34.023,-37.073,-36.773,0.0,0.0,0.0
GSPT2,-23.926,-28.519,-27.849,0.0,0.0,0.0
GSTM4,-34.289,-39.715,-41.745,0.0,0.0,0.0
GSTP1,-42.056,-41.888,-41.336,0.0,0.0,0.0
GTSF1,-32.434,-31.062,-25.23,0.0,0.0,0.0
HAAO,-24.386,-21.989,-22.266,0.0,0.0,0.0
HACD4,-24.244,-30.48,-32.063,0.0,0.0,0.0
HAP1,-22.752,-23.189,-28.615,0.0,0.0,0.0
HCAR1,-30.434,-29.332,-26.776,0.0,0.0,0.0
HENMT1,-40.906,-43.076,-40.076,0.0,0.0,0.0
HES4,-25.023,-25.057,-22.55,0.0,0.0,0.001
HEY2,-20.73,-21.065,-32.421,0.001,0.004,0.0
HEYL,-33.676,-30.765,-25.082,0.0,0.0,0.0
HHEX,-20.953,-25.82,-27.48,0.0,0.0,0.0
HMX3,-20.189,-25.136,-26.074,0.0,0.0,0.0
HNRNPF,-25.808,-25.186,-25.108,0.0,0.0,0.0
HOMER2,-20.924,-30.154,-25.17,0.0,0.0,0.0
HOOK1,-31.179,-27.712,-28.683,0.0,0.0,0.0
HOXA1,-31.442,-31.459,-34.79,0.0,0.0,0.0
HOXA13,-31.126,-35.32,-35.236,0.0,0.0,0.0
HOXA9,-25.627,-22.474,-20.08,0.0,0.0,0.0
HOXB4,-33.842,-35.279,-35.575,0.0,0.0,0.0
HOXB7,-27.789,-28.185,-32.766,0.0,0.0,0.0
HOXD1,-22.95,-25.193,-26.926,0.0,0.0,0.0
HPDL,-31.713,-36.521,-38.332,0.0,0.0,0.0
HPSE,-21.971,-24.269,-25.016,0.0,0.0,0.001
HS3ST3A1,-24.036,-24.499,-21.63,0.0,0.0,0.0
HS3ST3B1,-24.495,-27.865,-31.591,0.0,0.0,0.0
HSD17B8,-33.734,-40.023,-39.416,0.0,0.0,0.0
HSPA1A,-32.757,-27.094,-23.394,0.0,0.0,0.0
HSPA1L,-24.257,-25.585,-25.724,0.0,0.0,0.0
HSPA2,-35.473,-38.302,-42.178,0.0,0.0,0.0
HTATIP2,-34.836,-36.38,-39.948,0.0,0.0,0.0
HTR7,-28.138,-27.969,-27.938,0.0,0.0,0.0
HUNK,-29.622,-30.814,-31.906,0.0,0.0,0.0
HYI,-24.941,-25.92,-24.537,0.0,0.0,0.0
IAH1,-34.33,-43.015,-44.197,0.0,0.0,0.0
ICA1,-20.44,-21.403,-20.921,0.0,0.0,0.001
ICAM2,-27.901,-24.605,-22.031,0.0,0.0,0.0
ICAM5,-24.102,-24.509,-27.428,0.0,0.0,0.0
ID4,-24.759,-25.66,-23.482,0.0,0.0,0.0
IER3,-35.789,-31.274,-38.354,0.0,0.0,0.0
IFFO1,-27.825,-25.813,-24.222,0.0,0.0,0.0
IFNLR1,-31.041,-34.22,-36.483,0.0,0.0,0.0
IGF2BP1,-23.972,-26.429,-22.53,0.0,0.0,0.0
IGFBP2,-26.267,-30.615,-35.637,0.0,0.0,0.0
IGFBP4,-27.306,-29.899,-34.037,0.0,0.0,0.0
IGFBP7,-24.409,-26.159,-28.672,0.0,0.0,0.0
IGFBPL1,-28.533,-29.362,-23.291,0.0,0.0,0.0
IGSF3,-25.567,-24.868,-20.961,0.0,0.0,0.004
IGSF9B,-31.11,-33.888,-31.574,0.0,0.0,0.0
IL20RB,-30.479,-24.947,-21.507,0.0,0.0,0.0
INA,-33.048,-29.783,-25.541,0.0,0.0,0.0
INHA,-20.656,-22.358,-20.864,0.0,0.0,0.0
INPP1,-21.284,-24.064,-26.483,0.0,0.0,0.0
INSR,-25.06,-56.113,-70.374,0.0,0.0,0.0
IQGAP2,-26.497,-23.219,-25.105,0.0,0.001,0.002
IRAK2,-26.799,-32.252,-28.382,0.0,0.0,0.0
IRF5,-30.752,-37.132,-46.204,0.0,0.0,0.0
IRF7,-38.511,-42.561,-46.836,0.0,0.0,0.0
IRS2,-39.972,-39.647,-37.234,0.0,0.0,0.0
IRX3,-27.128,-31.669,-31.392,0.0,0.0,0.0
IRX5,-33.743,-40.068,-42.575,0.0,0.0,0.0
ISL1,-20.629,-22.235,-25.49,0.0,0.0,0.0
ISL2,-28.523,-31.603,-30.934,0.0,0.0,0.0
ISM1,-34.025,-35.196,-35.155,0.0,0.0,0.0
ISYNA1,-32.579,-31.486,-28.575,0.0,0.0,0.0
ITPKB,-25.631,-28.909,-27.263,0.0,0.0,0.0
ITPRIPL1,-39.627,-37.466,-36.533,0.0,0.0,0.0
JPH1,-28.537,-31.954,-31.292,0.0,0.0,0.0
JUP,-21.406,-23.644,-24.026,0.0,0.0,0.0
KAZN,-20.481,-25.126,-20.621,0.0,0.0,0.004
KBTBD11,-36.554,-35.322,-38.751,0.0,0.0,0.0
KCNG3,-24.768,-26.546,-29.736,0.0,0.0,0.0
KCNH4,-21.033,-20.513,-21.586,0.0,0.002,0.019
KCNJ2,-28.223,-31.916,-34.036,0.0,0.0,0.0
KCNK1,-27.075,-28.637,-26.439,0.0,0.0,0.0
KCNK5,-32.389,-34.694,-30.688,0.0,0.0,0.0
KCNMA1,-22.616,-24.192,-20.955,0.0,0.0,0.0
KCNS3,-30.586,-35.152,-34.268,0.0,0.0,0.0
KCTD15,-42.485,-41.985,-41.81,0.0,0.0,0.0
KCTD19,-22.969,-24.338,-22.242,0.0,0.0,0.0
KHDRBS3,-23.863,-25.658,-24.367,0.0,0.0,0.0
KIF26A,-26.942,-25.931,-23.36,0.0,0.0,0.0
KIF6,-23.729,-21.742,-21.165,0.0,0.0,0.0
KIF7,-28.855,-33.502,-31.459,0.0,0.0,0.0
KLF11,-42.31,-46.224,-41.424,0.0,0.0,0.0
KLF14,-27.202,-29.343,-31.274,0.0,0.0,0.0
KLF15,-40.522,-45.577,-44.818,0.0,0.0,0.0
KLF7,-32.076,-36.483,-34.923,0.0,0.0,0.0
KLHDC8B,-30.505,-29.039,-35.775,0.0,0.0,0.0
KLHDC9,-34.953,-33.953,-32.006,0.0,0.0,0.0
KLHL30,-21.815,-21.807,-20.579,0.0,0.0,0.0
KLRG2,-26.136,-26.704,-25.365,0.0,0.0,0.0
KRT19,-28.922,-30.988,-26.691,0.0,0.0,0.0
KRT7,-27.232,-25.366,-20.743,0.0,0.0,0.0
KRTCAP3,-23.893,-30.151,-34.156,0.0,0.0,0.0
KSR2,-22.171,-27.659,-25.033,0.0,0.0,0.0
L3MBTL3,-20.95,-25.151,-28.465,0.0,0.0,0.0
L3MBTL4,-25.335,-25.015,-21.201,0.0,0.0,0.0
LACC1,-33.878,-38.723,-39.822,0.0,0.0,0.0
LACTB2,-30.096,-30.968,-34.305,0.0,0.0,0.0
LAMB3,-37.112,-38.198,-29.083,0.0,0.0,0.0
LARGE1,-33.585,-34.52,-41.253,0.0,0.0,0.0
LARP6,-23.734,-23.981,-24.967,0.0,0.0,0.0
LAT,-31.806,-31.542,-22.267,0.0,0.0,0.0
LDHB,-35.801,-35.338,-34.283,0.0,0.0,0.0
LDLR,-29.201,-33.417,-39.709,0.0,0.0,0.0
LDOC1,-31.058,-29.854,-23.342,0.0,0.0,0.0
LEKR1,-37.201,-37.87,-39.925,0.0,0.0,0.0
LGALS1,-33.915,-36.996,-37.505,0.0,0.0,0.0
LGALS3,-30.417,-33.495,-32.374,0.0,0.0,0.0
LGI2,-20.802,-31.834,-27.826,0.0,0.0,0.0
LIPG,-27.65,-26.531,-23.753,0.0,0.0,0.0
LLGL2,-25.123,-27.234,-32.137,0.0,0.0,0.0
LMCD1,-28.919,-27.084,-25.981,0.0,0.0,0.0
LNX1,-22.227,-24.417,-21.524,0.0,0.0,0.0
LONRF3,-21.062,-32.91,-33.591,0.0,0.0,0.0
LOXL1,-21.742,-22.213,-20.953,0.0,0.0,0.0
LOXL4,-31.75,-34.661,-36.929,0.0,0.0,0.0
LPAR1,-24.146,-27.575,-27.472,0.0,0.0,0.0
LPAR3,-25.637,-23.778,-21.836,0.0,0.0,0.0
LRAT,-20.075,-20.606,-20.374,0.0,0.0,0.0
LRFN4,-42.438,-43.181,-35.709,0.0,0.0,0.0
LRIF1,-23.552,-34.139,-38.857,0.0,0.0,0.0
LRIG1,-30.545,-26.974,-30.678,0.0,0.0,0.0
LRIG3,-23.723,-25.408,-24.104,0.0,0.0,0.0
LRP12,-30.602,-32.711,-34.932,0.0,0.0,0.0
LRP3,-30.421,-26.693,-21.116,0.0,0.0,0.001
LRP6,-21.811,-20.564,-21.39,0.002,0.012,0.012
LRRC34,-34.384,-35.039,-34.668,0.0,0.0,0.0
LRRC36,-22.848,-23.05,-21.563,0.0,0.0,0.0
LRRC4,-28.742,-29.063,-28.444,0.0,0.0,0.0
LRRC41,-42.474,-45.617,-43.799,0.0,0.0,0.0
LRRC43,-21.619,-24.212,-22.268,0.0,0.0,0.0
LRRC61,-35.236,-36.656,-34.954,0.0,0.0,0.0
LRRC63,-21.617,-22.003,-20.292,0.0,0.0,0.0
LRRC8C,-30.342,-27.154,-28.026,0.0,0.002,0.003
LRRIQ1,-25.896,-24.375,-26.144,0.0,0.0,0.0
LRRK1,-34.621,-37.812,-40.531,0.0,0.0,0.0
LRRK2,-23.353,-23.581,-23.493,0.0,0.0,0.0
LRRN1,-26.811,-28.104,-25.128,0.0,0.0,0.0
LTBP1,-31.945,-34.136,-37.513,0.0,0.0,0.0
LTBR,-30.686,-29.239,-26.08,0.0,0.0,0.0
LTK,-27.255,-25.481,-24.815,0.0,0.0,0.0
LY75,-27.479,-26.18,-21.559,0.0,0.0,0.0
LYN,-34.58,-46.194,-61.973,0.0,0.0,0.0
LYNX1,-28.225,-31.467,-28.904,0.0,0.0,0.0
LYPLAL1,-34.35,-33.379,-32.11,0.0,0.0,0.0
M1AP,-36.196,-33.724,-25.273,0.0,0.0,0.0
MAF,-22.24,-24.344,-22.347,0.0,0.0,0.0
MAFA,-26.086,-39.543,-39.316,0.0,0.0,0.0
MAFB,-28.768,-33.888,-31.733,0.0,0.0,0.0
MAGEB2,-41.55,-38.585,-32.768,0.0,0.0,0.0
MAGEC2,-31.207,-29.511,-27.595,0.0,0.0,0.0
MAGI1,-23.573,-32.195,-26.846,0.0,0.0,0.0
MANSC1,-23.399,-21.596,-23.165,0.0,0.0,0.0
MAP1LC3A,-35.08,-34.999,-34.055,0.0,0.0,0.0
MAP2,-20.532,-25.805,-26.842,0.0,0.0,0.0
MAP3K13,-36.466,-32.448,-29.584,0.0,0.0,0.0
MAP7D2,-32.05,-28.952,-23.382,0.0,0.0,0.0
MAPK12,-20.202,-27.303,-31.284,0.0,0.0,0.0
MARK1,-24.035,-28.155,-28.364,0.0,0.0,0.0
MARVELD2,-26.613,-29.222,-26.099,0.0,0.0,0.0
MCMDC2,-28.552,-29.387,-27.53,0.0,0.0,0.0
MCOLN2,-23.708,-32.114,-37.91,0.0,0.0,0.0
MCOLN3,-24.211,-27.57,-27.636,0.0,0.0,0.0
MDGA2,-21.338,-22.115,-21.477,0.0,0.0,0.0
MDK,-30.638,-33.932,-30.455,0.0,0.0,0.0
ME1,-26.007,-28.414,-28.334,0.0,0.0,0.0
MED12L,-27.795,-31.971,-31.349,0.0,0.0,0.0
MEF2C,-23.454,-26.455,-25.325,0.0,0.0,0.0
MEIS1,-32.277,-30.267,-28.836,0.0,0.0,0.001
MELTF,-27.358,-30.767,-44.113,0.0,0.0,0.0
MFAP2,-26.236,-28.016,-27.332,0.0,0.0,0.0
MFAP3L,-30.505,-35.016,-33.222,0.0,0.0,0.0
MGMT,-29.151,-30.276,-32.057,0.0,0.0,0.0
MICB,-22.566,-28.073,-29.423,0.0,0.0,0.0
MICU3,-36.586,-34.056,-32.664,0.0,0.0,0.0
MITF,-21.324,-23.331,-21.136,0.002,0.004,0.018
MLF1,-34.285,-36.101,-34.039,0.0,0.0,0.0
MLH1,-41.379,-41.737,-41.797,0.0,0.0,0.0
MLH3,-34.508,-36.545,-42.457,0.0,0.0,0.0
MME,-22.251,-25.066,-23.463,0.0,0.0,0.0
MMP16,-25.618,-23.475,-20.506,0.0,0.0,0.0
MMP17,-28.736,-28.337,-25.542,0.0,0.0,0.0
MMP2,-24.994,-24.151,-20.155,0.0,0.0,0.0
MNX1,-21.284,-26.238,-38.522,0.0,0.0,0.0
MOB3B,-21.262,-23.994,-24.079,0.0,0.001,0.008
MOCOS,-29.303,-29.401,-26.592,0.0,0.0,0.0
MOCS1,-30.936,-31.692,-33.479,0.0,0.0,0.0
MPDZ,-29.122,-27.836,-29.581,0.0,0.0,0.0
MPV17L,-31.953,-31.318,-29.85,0.0,0.0,0.0
MRAS,-21.61,-22.397,-21.604,0.0,0.0,0.0
MRC2,-22.432,-21.962,-25.284,0.0,0.0,0.0
MST1R,-28.696,-28.182,-21.773,0.0,0.0,0.0
MSX1,-31.831,-35.149,-36.863,0.0,0.0,0.0
MT1A,-25.557,-29.041,-28.545,0.0,0.0,0.0
MT1E,-35.396,-37.034,-41.896,0.0,0.0,0.0
MT1F,-38.388,-40.491,-41.386,0.0,0.0,0.0
MT1G,-34.285,-33.438,-28.856,0.0,0.0,0.0
MT1M,-26.752,-27.763,-26.115,0.0,0.0,0.0
MTX3,-35.039,-39.023,-39.34,0.0,0.0,0.0
MYEF2,-26.117,-26.521,-27.269,0.0,0.0,0.0
MYH10,-37.65,-36.639,-35.185,0.0,0.0,0.0
MYLK,-27.359,-28.045,-27.516,0.0,0.0,0.0
MYO1B,-20.666,-22.57,-21.939,0.0,0.0,0.0
MYO5C,-25.334,-24.05,-24.83,0.0,0.0,0.0
N4BP2L1,-21.269,-23.509,-24.78,0.0,0.0,0.0
N4BP3,-20.157,-22.903,-26.709,0.0,0.0,0.0
NAAA,-33.921,-38.792,-40.622,0.0,0.0,0.0
NACAD,-27.662,-26.862,-21.168,0.0,0.0,0.0
NALCN,-26.742,-30.13,-29.398,0.0,0.0,0.0
NAPRT,-33.395,-35.386,-39.198,0.0,0.0,0.0
NAT8L,-30.601,-36.209,-41.066,0.0,0.0,0.0
NBL1,-22.569,-20.932,-20.773,0.0,0.0,0.0
NCR3LG1,-22.655,-27.58,-28.356,0.0,0.0,0.0
NDST3,-29.921,-31.938,-32.696,0.0,0.0,0.0
NECTIN3,-28.74,-29.339,-32.187,0.0,0.0,0.0
NEK6,-23.741,-33.301,-30.991,0.0,0.0,0.0
NEK9,-20.757,-27.932,-38.524,0.0,0.0,0.0
NELL2,-25.436,-27.34,-30.039,0.0,0.0,0.0
NETO1,-27.51,-23.666,-21.689,0.0,0.0,0.0
NETO2,-39.988,-40.371,-40.71,0.0,0.0,0.0
NEXN,-28.033,-26.976,-22.083,0.0,0.0,0.0
NFATC4,-24.045,-25.337,-23.002,0.0,0.0,0.0
NFE2L3,-32.139,-36.767,-36.04,0.0,0.0,0.0
NID1,-20.572,-25.549,-28.645,0.0,0.0,0.0
NINJ2,-24.344,-28.251,-31.637,0.0,0.0,0.0
NKD1,-24.42,-25.939,-26.971,0.0,0.0,0.0
NKD2,-32.117,-39.123,-39.991,0.0,0.0,0.0
NKX3-2,-25.535,-32.585,-34.287,0.0,0.0,0.0
NKX6-1,-25.586,-26.592,-26.682,0.0,0.0,0.0
NME4,-35.841,-35.889,-42.37,0.0,0.0,0.0
NOTCH3,-21.522,-25.887,-24.516,0.0,0.0,0.0
NOVA1,-33.159,-33.84,-30.601,0.0,0.0,0.0
NPM2,-25.544,-27.071,-26.788,0.0,0.0,0.0
NPNT,-24.238,-22.939,-20.466,0.0,0.0,0.0
NPTX1,-25.273,-25.093,-23.988,0.0,0.0,0.0
NQO1,-32.624,-42.916,-45.09,0.0,0.0,0.0
NR0B1,-24.543,-27.06,-22.567,0.0,0.0,0.0
NR3C1,-23.926,-24.001,-27.032,0.0,0.001,0.001
NRCAM,-25.042,-24.483,-23.421,0.0,0.0,0.0
NRG2,-25.203,-22.875,-20.539,0.0,0.0,0.001
NRN1,-23.942,-22.576,-22.919,0.0,0.0,0.0
NRROS,-21.236,-23.902,-26.152,0.0,0.0,0.0
NRSN2,-31.984,-32.815,-33.202,0.0,0.0,0.0
NSUN7,-34.187,-32.593,-31.387,0.0,0.0,0.0
NUAK2,-31.926,-32.735,-35.845,0.0,0.0,0.0
NUDT11,-31.392,-35.959,-32.727,0.0,0.0,0.0
NUDT16,-37.716,-35.109,-35.101,0.0,0.0,0.0
NUPR1,-27.872,-24.998,-24.979,0.0,0.0,0.0
NXPH3,-24.927,-26.169,-26.478,0.0,0.0,0.0
OAS2,-28.62,-25.797,-23.749,0.0,0.0,0.0
ONECUT2,-36.39,-49.389,-49.206,0.0,0.0,0.0
OSBPL5,-22.548,-25.127,-26.806,0.0,0.001,0.002
OSBPL6,-22.595,-29.81,-25.852,0.0,0.0,0.0
OSCP1,-23.476,-27.933,-28.625,0.0,0.0,0.0
OSMR,-22.403,-26.457,-20.21,0.0,0.0,0.0
P2RY1,-29.787,-29.685,-34.952,0.0,0.0,0.0
P2RY2,-24.289,-24.981,-24.36,0.0,0.0,0.0
P4HTM,-33.656,-34.492,-35.211,0.0,0.0,0.0
PABPC1L,-27.385,-29.812,-30.503,0.0,0.0,0.0
PALD1,-26.43,-34.255,-31.065,0.0,0.0,0.0
PAQR8,-38.474,-37.807,-42.138,0.0,0.0,0.0
PAQR9,-32.069,-30.145,-26.825,0.0,0.0,0.0
PARD3B,-23.099,-21.422,-21.575,0.0,0.0,0.006
PARD6G,-29.88,-31.07,-26.71,0.0,0.0,0.0
PARM1,-27.776,-32.292,-34.602,0.0,0.0,0.0
PARP8,-27.325,-20.922,-21.904,0.0,0.018,0.023
PARVB,-37.209,-40.806,-42.924,0.0,0.0,0.0
PC,-30.188,-35.59,-35.012,0.0,0.0,0.0
PCDH9,-29.177,-29.611,-30.768,0.0,0.0,0.0
PCOLCE2,-25.021,-30.317,-34.083,0.0,0.0,0.0
PCSK5,-34.828,-38.022,-40.846,0.0,0.0,0.0
PDE3B,-32.35,-35.961,-38.124,0.0,0.0,0.0
PDGFD,-23.179,-30.355,-30.446,0.0,0.0,0.0
PDLIM3,-24.239,-24.042,-20.593,0.0,0.0,0.0
PDLIM4,-29.933,-34.891,-33.071,0.0,0.0,0.0
PFN2,-20.391,-21.877,-22.622,0.0,0.0,0.0
PFN4,-32.932,-36.385,-45.639,0.0,0.0,0.0
PGBD1,-35.899,-37.31,-37.359,0.0,0.0,0.0
PGBD5,-34.052,-31.168,-34.652,0.0,0.0,0.0
PHF11,-36.967,-38.462,-38.647,0.0,0.0,0.0
PHF21B,-26.558,-30.199,-29.746,0.0,0.0,0.0
PHLDA3,-26.037,-31.6,-26.852,0.0,0.0,0.0
PIP5K1B,-24.613,-29.746,-39.311,0.0,0.0,0.0
PKD2L2,-21.052,-22.5,-21.731,0.0,0.0,0.0
PKIA,-30.025,-31.11,-28.736,0.0,0.0,0.0
PKP2,-31.26,-31.745,-28.724,0.0,0.0,0.0
PLA2R1,-20.352,-22.51,-20.552,0.0,0.0,0.0
PLAGL1,-24.776,-33.372,-35.865,0.0,0.0,0.0
PLAU,-25.019,-29.352,-30.144,0.0,0.0,0.0
PLBD1,-26.951,-26.661,-25.612,0.0,0.0,0.0
PLCB4,-23.897,-24.76,-23.12,0.0,0.0,0.0
PLCG2,-37.845,-35.55,-32.616,0.0,0.0,0.0
PLD1,-37.878,-33.876,-31.441,0.0,0.0,0.0
PLEKHG4,-30.965,-32.634,-32.498,0.0,0.0,0.0
PLEKHH2,-28.182,-27.947,-25.012,0.0,0.0,0.0
PLEKHN1,-23.204,-26.104,-23.171,0.0,0.0,0.0
PLEKHO1,-33.901,-35.837,-33.282,0.0,0.0,0.0
PLIN2,-31.684,-33.097,-38.695,0.0,0.0,0.0
PLSCR4,-26.962,-26.256,-21.247,0.0,0.0,0.0
PLXDC2,-26.19,-27.107,-24.664,0.0,0.0,0.0
PMAIP1,-47.526,-50.901,-62.972,0.0,0.0,0.0
PNMA2,-26.449,-31.401,-29.392,0.0,0.0,0.0
PNPLA4,-39.604,-42.667,-42.159,0.0,0.0,0.0
PODXL2,-30.388,-33.349,-35.114,0.0,0.0,0.0
POMT1,-20.366,-22.551,-24.134,0.0,0.0,0.0
PON3,-26.21,-26.686,-22.174,0.0,0.0,0.0
POPDC3,-30.978,-31.524,-31.51,0.0,0.0,0.0
POU3F3,-28.73,-24.472,-20.591,0.0,0.0,0.0
POU4F1,-36.994,-38.968,-38.884,0.0,0.0,0.0
PPFIA4,-25.683,-28.625,-30.013,0.0,0.0,0.0
PPM1E,-30.02,-30.929,-29.589,0.0,0.0,0.0
PPP1R27,-32.081,-25.188,-25.216,0.002,0.002,0.0
PPP1R3C,-27.407,-31.696,-31.27,0.0,0.0,0.0
PPP1R3G,-23.041,-23.586,-26.285,0.0,0.0,0.0
PPP1R9A,-23.431,-25.645,-23.344,0.0,0.0,0.0
PRAF2,-20.291,-30.254,-35.266,0.0,0.0,0.0
PRDM5,-34.019,-33.996,-33.797,0.0,0.0,0.0
PRDX2,-36.08,-41.776,-43.108,0.0,0.0,0.0
PRELID2,-25.542,-27.34,-24.021,0.0,0.0,0.002
PREX1,-24.182,-24.662,-23.704,0.0,0.0,0.0
PRIMA1,-24.162,-21.193,-21.224,0.0,0.0,0.0
PRKAA2,-28.121,-28.374,-28.648,0.0,0.0,0.0
PRKACB,-27.078,-31.452,-30.59,0.0,0.0,0.0
PRKAR2B,-27.0,-25.625,-30.574,0.0,0.0,0.0
PROSER2,-27.464,-28.593,-28.576,0.0,0.0,0.0
PROX1,-20.258,-20.096,-26.905,0.0,0.0,0.0
PRRG4,-25.792,-28.583,-32.075,0.0,0.0,0.0
PRRT4,-25.576,-35.341,-34.278,0.0,0.0,0.0
PRTFDC1,-30.653,-31.259,-32.866,0.0,0.0,0.0
PRTG,-22.728,-22.455,-22.558,0.0,0.0,0.0
PSAT1,-35.584,-35.434,-39.995,0.0,0.0,0.0
PTGER2,-31.783,-34.99,-34.634,0.0,0.0,0.0
PTGS1,-20.617,-20.367,-21.962,0.0,0.0,0.0
PTK7,-32.524,-32.639,-35.928,0.0,0.0,0.0
PTPN13,-40.274,-39.448,-37.507,0.0,0.0,0.0
PTPRG,-28.607,-25.598,-25.786,0.0,0.0,0.0
PTPRS,-23.974,-26.315,-25.132,0.0,0.0,0.0
PYCARD,-31.787,-34.656,-35.447,0.0,0.0,0.0
PYGL,-31.984,-33.8,-34.397,0.0,0.0,0.0
QPCT,-24.565,-27.582,-31.55,0.0,0.0,0.0
QRFPR,-24.705,-25.677,-23.54,0.0,0.0,0.0
RAB19,-25.68,-24.644,-20.906,0.0,0.0,0.0
RAB26,-35.8,-43.379,-42.243,0.0,0.0,0.0
RAB31,-24.527,-29.812,-29.118,0.0,0.0,0.0
RAB32,-29.434,-28.494,-25.336,0.0,0.0,0.0
RAB34,-39.385,-38.219,-35.316,0.0,0.0,0.0
RAB36,-25.105,-23.917,-22.688,0.0,0.001,0.01
RAB38,-31.423,-31.498,-31.116,0.0,0.0,0.0
RAB42,-27.768,-30.435,-32.311,0.0,0.0,0.0
RAB6B,-20.938,-24.887,-23.356,0.0,0.0,0.002
RAC3,-21.718,-23.751,-29.597,0.0,0.0,0.0
RAET1E,-23.065,-22.966,-23.088,0.0,0.0,0.0
RALGPS2,-30.517,-31.829,-38.298,0.0,0.0,0.0
RAMP1,-28.39,-27.235,-29.634,0.0,0.0,0.0
RAMP2,-22.986,-27.421,-28.244,0.0,0.0,0.0
RAPGEF5,-30.808,-37.006,-36.369,0.0,0.0,0.0
RARRES1,-25.163,-32.125,-35.514,0.0,0.0,0.0
RASA3,-29.9,-35.892,-34.236,0.0,0.0,0.0
RASAL1,-20.018,-24.068,-26.745,0.0,0.0,0.0
RASGRF2,-21.601,-22.217,-23.334,0.0,0.0,0.0
RASL11B,-26.445,-30.562,-28.206,0.0,0.0,0.0
RASSF10,-28.93,-31.453,-33.23,0.0,0.0,0.0
RASSF8,-27.22,-29.079,-30.184,0.0,0.0,0.0
RBM24,-25.073,-27.028,-27.17,0.0,0.0,0.0
RBP1,-27.936,-25.259,-25.056,0.0,0.0,0.0
RBP4,-27.072,-25.266,-24.175,0.0,0.0,0.0
RBP7,-25.029,-26.706,-25.573,0.0,0.0,0.0
RBPMS2,-26.142,-25.093,-29.407,0.0,0.0,0.0
RDX,-28.962,-31.882,-34.905,0.0,0.0,0.0
REEP1,-31.608,-33.65,-33.27,0.0,0.0,0.0
REEP2,-29.026,-30.557,-32.331,0.0,0.0,0.0
RFTN1,-20.994,-25.545,-23.278,0.0,0.0,0.0
RFX8,-29.489,-22.22,-20.867,0.0,0.0,0.0
RGCC,-32.155,-38.864,-42.603,0.0,0.0,0.0
RGL3,-25.006,-24.334,-21.809,0.0,0.0,0.0
RGS17,-22.448,-21.736,-20.556,0.0,0.0,0.0
RGS20,-20.012,-21.512,-21.233,0.0,0.0,0.0
RHBDL3,-30.687,-31.706,-29.237,0.0,0.0,0.0
RHOBTB3,-29.542,-28.035,-26.833,0.0,0.0,0.003
RHOF,-25.909,-29.014,-26.563,0.0,0.0,0.001
RHOU,-24.69,-29.823,-31.842,0.0,0.0,0.0
RIMKLA,-23.905,-27.7,-33.906,0.0,0.0,0.0
RIMKLB,-24.683,-26.858,-26.498,0.0,0.0,0.0
RIMS4,-24.641,-23.899,-24.517,0.0,0.0,0.0
RIPPLY2,-27.751,-25.673,-20.6,0.0,0.0,0.0
RMDN2,-30.471,-34.606,-33.042,0.0,0.0,0.0
RNF144B,-26.467,-31.058,-34.666,0.0,0.0,0.0
RNF152,-26.077,-27.887,-26.771,0.0,0.0,0.001
RNF157,-43.316,-42.962,-39.113,0.0,0.0,0.0
RNF180,-29.364,-31.226,-28.743,0.0,0.0,0.0
RNF182,-22.019,-21.736,-23.579,0.0,0.0,0.0
RNF217,-40.964,-41.012,-37.299,0.0,0.0,0.0
RNLS,-36.412,-36.707,-38.763,0.0,0.0,0.0
ROBO1,-31.775,-30.57,-28.457,0.0,0.0,0.0
ROPN1L,-23.482,-25.569,-24.478,0.0,0.0,0.003
RORB,-22.793,-23.061,-24.323,0.0,0.0,0.0
RPL39L,-39.132,-40.93,-35.917,0.0,0.0,0.0
RPS6KL1,-33.308,-37.354,-41.921,0.0,0.0,0.0
RRAGD,-34.15,-37.032,-39.545,0.0,0.0,0.0
RRAS2,-29.164,-33.319,-34.223,0.0,0.0,0.0
RUNDC3B,-22.105,-26.926,-30.404,0.0,0.0,0.0
RUNX3,-21.034,-25.094,-26.276,0.0,0.0,0.0
S100A10,-20.604,-23.112,-22.269,0.0,0.0,0.0
S100A11,-24.33,-34.217,-35.275,0.0,0.0,0.0
S100A2,-24.839,-28.413,-29.44,0.0,0.0,0.0
S100A6,-30.6,-34.127,-35.898,0.0,0.0,0.0
S1PR5,-26.171,-26.81,-32.427,0.0,0.0,0.0
SALL2,-31.285,-32.869,-32.483,0.0,0.0,0.0
SAMD10,-33.742,-34.813,-34.269,0.0,0.0,0.0
SAMD12,-29.064,-27.797,-28.196,0.0,0.0,0.0
SATB2,-27.231,-30.712,-32.228,0.0,0.0,0.0
SCN3B,-26.19,-23.703,-20.918,0.0,0.0,0.0
SCN5A,-29.374,-30.938,-31.606,0.0,0.0,0.0
SCN8A,-30.506,-28.894,-24.718,0.0,0.0,0.004
SCNN1A,-28.558,-26.261,-20.107,0.0,0.0,0.0
SCOC,-27.467,-28.162,-29.31,0.0,0.0,0.0
SCRN1,-34.355,-34.086,-31.873,0.0,0.0,0.0
SDK2,-20.356,-21.137,-23.852,0.0,0.0,0.0
SDR42E1,-30.525,-30.623,-28.544,0.0,0.0,0.0
SEMA3G,-22.729,-23.683,-29.034,0.0,0.0,0.0
SERP2,-39.501,-40.2,-39.121,0.0,0.0,0.0
SERPINB9,-25.851,-27.966,-27.676,0.0,0.0,0.0
SERPINE2,-25.244,-28.237,-29.997,0.0,0.0,0.0
SESN3,-45.848,-45.645,-44.732,0.0,0.0,0.0
SETBP1,-30.527,-33.099,-28.834,0.0,0.0,0.0
SETD6,-34.531,-36.197,-40.094,0.0,0.0,0.0
SFRP1,-23.012,-21.423,-21.616,0.0,0.0,0.0
SGSH,-24.205,-28.017,-27.34,0.0,0.0,0.0
SH2D4A,-33.081,-31.865,-27.466,0.0,0.0,0.0
SH3BGRL2,-23.791,-22.59,-24.292,0.0,0.0,0.0
SH3GL3,-21.054,-27.673,-28.657,0.0,0.0,0.0
SH3RF3,-28.552,-32.087,-33.341,0.0,0.0,0.0
SH3YL1,-21.905,-23.655,-24.415,0.0,0.0,0.0
SHF,-27.976,-27.414,-26.507,0.0,0.0,0.001
SHISA2,-24.439,-26.771,-28.31,0.0,0.0,0.0
SHISA3,-23.479,-23.559,-27.882,0.0,0.0,0.0
SIAH3,-24.916,-24.179,-25.848,0.0,0.0,0.0
SIRPA,-25.361,-24.114,-23.985,0.0,0.0,0.0
SIX1,-23.792,-25.701,-24.241,0.0,0.0,0.0
SIX2,-26.333,-26.746,-26.36,0.0,0.0,0.0
SIX4,-26.542,-23.899,-23.906,0.0,0.0,0.0
SKAP2,-21.145,-39.008,-39.942,0.0,0.0,0.0
SLAIN1,-30.753,-36.452,-38.943,0.0,0.0,0.0
SLC10A4,-27.479,-26.879,-23.169,0.0,0.0,0.0
SLC15A3,-24.199,-23.952,-22.722,0.0,0.0,0.0
SLC16A10,-45.792,-47.09,-46.808,0.0,0.0,0.0
SLC16A3,-21.91,-27.238,-30.082,0.0,0.0,0.0
SLC16A5,-31.407,-30.745,-27.158,0.0,0.0,0.0
SLC1A1,-26.169,-26.917,-21.214,0.0,0.0,0.002
SLC22A15,-26.851,-25.442,-27.69,0.0,0.0,0.0
SLC25A4,-43.268,-47.376,-46.164,0.0,0.0,0.0
SLC27A3,-25.754,-29.011,-23.067,0.0,0.0,0.0
SLC2A10,-22.428,-23.005,-24.008,0.0,0.0,0.0
SLC30A3,-35.698,-30.828,-29.56,0.0,0.0,0.001
SLC30A4,-35.197,-40.457,-39.724,0.0,0.0,0.0
SLC35D2,-21.208,-22.758,-22.108,0.0,0.0,0.0
SLC35G2,-29.483,-33.105,-31.521,0.0,0.0,0.0
SLC36A4,-36.63,-39.619,-39.227,0.0,0.0,0.0
SLC39A4,-23.088,-31.026,-33.051,0.0,0.0,0.0
SLC40A1,-28.461,-28.244,-32.271,0.0,0.0,0.0
SLC43A3,-33.476,-35.74,-34.122,0.0,0.0,0.0
SLC46A1,-22.662,-21.451,-23.233,0.0,0.0,0.001
SLC46A3,-36.359,-38.705,-39.855,0.0,0.0,0.0
SLC4A4,-26.871,-27.182,-27.46,0.0,0.0,0.0
SLC52A1,-24.257,-24.389,-26.8,0.0,0.0,0.0
SLC6A11,-22.178,-20.337,-20.438,0.0,0.0,0.0
SLC6A15,-25.971,-24.601,-22.114,0.0,0.0,0.0
SLC6A17,-25.148,-25.925,-24.546,0.0,0.0,0.0
SLC6A9,-23.608,-27.532,-30.234,0.0,0.0,0.001
SLC7A2,-30.183,-29.858,-24.656,0.0,0.0,0.0
SLC9B2,-33.624,-42.79,-43.339,0.0,0.0,0.0
SLCO3A1,-33.437,-35.844,-35.913,0.0,0.0,0.0
SLCO4C1,-22.47,-24.915,-27.03,0.0,0.0,0.0
SLFN11,-26.239,-24.063,-21.007,0.0,0.0,0.0
SLFN12,-31.704,-32.657,-30.414,0.0,0.0,0.0
SLIT2,-22.076,-21.91,-23.752,0.0,0.0,0.0
SLITRK4,-24.893,-26.618,-22.266,0.0,0.0,0.0
SLITRK5,-30.24,-28.339,-24.507,0.0,0.0,0.0
SMAD1,-46.258,-45.603,-40.398,0.0,0.0,0.0
SMIM10,-27.519,-29.434,-30.33,0.0,0.0,0.0
SMIM10L2A,-23.268,-28.617,-29.85,0.0,0.0,0.0
SMIM22,-32.593,-32.751,-26.297,0.0,0.0,0.0
SMO,-28.466,-33.577,-30.46,0.0,0.0,0.0
SNAI1,-21.097,-28.173,-36.644,0.0,0.0,0.0
SNAP91,-26.339,-28.344,-24.428,0.0,0.0,0.0
SNCA,-32.281,-29.397,-24.037,0.0,0.0,0.0
SNCB,-23.72,-25.463,-26.105,0.0,0.0,0.0
SNPH,-30.758,-34.111,-40.516,0.0,0.0,0.0
SOBP,-27.754,-38.236,-42.041,0.0,0.0,0.0
SOD3,-34.159,-36.582,-32.018,0.0,0.0,0.0
SORL1,-31.488,-34.198,-38.815,0.0,0.0,0.0
SOWAHA,-24.074,-21.522,-22.563,0.0,0.0,0.0
SOX8,-28.105,-29.082,-22.8,0.0,0.0,0.0
SP100,-23.624,-28.843,-25.499,0.0,0.0,0.002
SP140L,-28.606,-27.358,-30.5,0.0,0.0,0.0
SP8,-21.277,-23.403,-24.429,0.0,0.0,0.0
SPARC,-26.821,-22.93,-20.802,0.0,0.0,0.0
SPATA6,-23.81,-21.994,-20.264,0.0,0.0,0.0
SPATC1L,-32.367,-32.008,-37.321,0.0,0.0,0.0
SPESP1,-32.097,-25.52,-21.564,0.0,0.0,0.0
SPIN3,-24.253,-30.89,-34.811,0.0,0.0,0.0
SPINK2,-25.819,-29.092,-32.471,0.0,0.0,0.0
SPINT1,-26.26,-30.155,-30.593,0.0,0.0,0.0
SPRY1,-36.448,-34.459,-31.448,0.0,0.0,0.001
SPRY2,-31.629,-30.337,-27.558,0.0,0.0,0.0
SPSB4,-22.236,-22.188,-20.975,0.0,0.0,0.0
SRSF12,-23.878,-23.875,-24.431,0.0,0.0,0.0
SSPN,-20.64,-21.043,-25.347,0.0,0.0,0.0
ST3GAL6,-25.498,-29.24,-25.382,0.0,0.0,0.0
ST8SIA6,-22.211,-21.555,-20.722,0.0,0.0,0.0
STAC,-25.86,-25.955,-23.941,0.0,0.0,0.0
STAP2,-36.975,-34.728,-29.387,0.0,0.0,0.0
STAT5A,-30.001,-25.35,-22.22,0.0,0.0,0.0
STC2,-22.175,-27.4,-32.169,0.0,0.0,0.0
STK32B,-23.693,-23.555,-21.92,0.0,0.0,0.0
STK33,-33.506,-34.181,-34.536,0.0,0.0,0.0
STMN3,-28.921,-30.664,-32.637,0.0,0.0,0.0
STPG2,-22.155,-23.856,-22.755,0.0,0.0,0.001
STUM,-23.768,-23.612,-26.859,0.0,0.0,0.0
SULT1A2,-27.412,-25.07,-21.67,0.0,0.0,0.0
SUOX,-27.385,-27.218,-25.506,0.0,0.0,0.0
SUSD3,-20.468,-22.259,-22.573,0.0,0.0,0.0
SUSD5,-22.1,-22.095,-22.585,0.0,0.0,0.0
SVIP,-33.343,-30.019,-29.728,0.0,0.0,0.0
SYDE2,-27.415,-23.62,-23.157,0.0,0.002,0.004
SYK,-24.776,-28.942,-33.083,0.0,0.0,0.0
SYNGR1,-36.691,-37.768,-33.433,0.0,0.0,0.0
SYNM,-25.593,-29.394,-29.341,0.0,0.0,0.0
TACSTD2,-35.687,-34.401,-30.517,0.0,0.0,0.0
TBC1D9,-25.583,-27.099,-28.588,0.0,0.0,0.0
TBX18,-33.193,-28.284,-23.84,0.0,0.0,0.0
TBX20,-25.686,-23.351,-20.707,0.0,0.0,0.0
TBX3,-26.706,-26.217,-22.461,0.0,0.0,0.0
TBXA2R,-24.592,-27.955,-21.468,0.0,0.0,0.0
TCEAL3,-24.361,-33.538,-36.457,0.0,0.0,0.0
TCF7,-35.491,-40.761,-43.184,0.0,0.0,0.0
TCF7L1,-20.413,-21.227,-24.552,0.0,0.0,0.0
TCIRG1,-35.533,-44.587,-49.745,0.0,0.0,0.0
TCN2,-30.829,-32.355,-35.218,0.0,0.0,0.0
TES,-35.556,-38.61,-34.499,0.0,0.0,0.0
TEX13C,-31.263,-28.92,-22.447,0.0,0.0,0.0
TFCP2,-35.866,-41.648,-44.724,0.0,0.0,0.0
TFF3,-33.127,-28.037,-21.508,0.0,0.0,0.0
TFPI2,-23.502,-26.187,-24.165,0.0,0.0,0.0
TGFB1I1,-23.562,-28.202,-26.892,0.0,0.0,0.0
THBD,-21.219,-21.356,-20.15,0.0,0.0,0.0
THEM4,-31.371,-40.056,-44.747,0.0,0.0,0.0
THNSL2,-28.834,-33.384,-35.74,0.0,0.0,0.0
THRB,-22.091,-23.941,-21.258,0.0,0.0,0.0
TIAM1,-23.88,-22.497,-23.184,0.0,0.0,0.0
TIGD7,-24.19,-23.388,-24.781,0.0,0.0,0.0
TLE1,-21.996,-23.866,-23.164,0.0,0.0,0.001
TLE4,-25.474,-39.357,-47.553,0.0,0.0,0.0
TLR2,-26.263,-24.704,-26.32,0.0,0.0,0.0
TLX3,-20.191,-22.102,-21.047,0.0,0.0,0.0
TM6SF1,-25.655,-25.878,-23.087,0.0,0.0,0.0
TMEFF1,-38.669,-40.791,-39.572,0.0,0.0,0.0
TMEM106A,-37.646,-40.045,-41.196,0.0,0.0,0.0
TMEM151A,-22.78,-23.649,-22.779,0.0,0.0,0.0
TMEM154,-22.582,-26.183,-27.401,0.0,0.0,0.0
TMEM179,-28.73,-26.019,-21.208,0.0,0.0,0.0
TMEM204,-27.922,-25.423,-20.357,0.0,0.0,0.0
TMEM25,-27.873,-29.439,-35.265,0.0,0.0,0.0
TMEM42,-21.31,-32.33,-40.647,0.0,0.0,0.0
TMEM63C,-26.056,-25.656,-35.637,0.0,0.0,0.0
TNFRSF10A,-31.395,-30.659,-31.8,0.0,0.0,0.0
TNFRSF10D,-34.369,-40.472,-40.384,0.0,0.0,0.0
TNFRSF14,-23.771,-27.677,-30.78,0.0,0.0,0.0
TNFRSF1B,-25.036,-33.762,-32.522,0.0,0.0,0.0
TNFSF12,-29.024,-32.719,-37.138,0.0,0.0,0.0
TNFSF13,-21.541,-25.528,-22.949,0.0,0.0,0.0
TNFSF9,-35.311,-33.614,-42.396,0.0,0.0,0.0
TOR4A,-28.754,-29.923,-30.322,0.0,0.0,0.0
TOX,-25.06,-25.787,-23.91,0.0,0.0,0.0
TP53I11,-33.271,-35.625,-34.533,0.0,0.0,0.0
TP53INP1,-23.425,-27.28,-35.909,0.0,0.0,0.0
TPBG,-23.257,-29.275,-24.056,0.0,0.0,0.0
TPTE,-33.309,-35.721,-26.818,0.0,0.0,0.0
TRABD2A,-21.821,-23.484,-28.28,0.001,0.002,0.002
TRAF3IP2,-21.37,-31.151,-27.815,0.0,0.0,0.0
TRAM1L1,-34.5,-37.054,-39.809,0.0,0.0,0.0
TRAPPC2B,-40.092,-40.243,-36.588,0.0,0.0,0.0
TRIM13,-44.809,-46.309,-45.524,0.0,0.0,0.0
TRIM4,-35.593,-43.209,-37.927,0.0,0.0,0.0
TRIM47,-28.61,-25.402,-23.705,0.0,0.0,0.0
TRIM58,-32.663,-29.031,-20.026,0.0,0.0,0.0
TRIM7,-21.797,-23.266,-23.177,0.0,0.0,0.0
TRIP6,-34.754,-37.086,-34.197,0.0,0.0,0.0
TRIQK,-42.67,-37.39,-34.091,0.0,0.0,0.0
TRMT10B,-27.198,-27.156,-23.121,0.0,0.0,0.006
TRPC3,-20.504,-21.168,-24.882,0.0,0.0,0.0
TRPM6,-26.172,-27.272,-23.883,0.0,0.0,0.0
TRPS1,-25.149,-25.517,-22.953,0.0,0.0,0.015
TRPV4,-20.05,-23.209,-23.839,0.0,0.0,0.0
TSHZ3,-25.226,-25.48,-21.214,0.0,0.0,0.0
TSPAN2,-20.891,-25.306,-21.118,0.0,0.0,0.0
TSPAN5,-24.269,-31.487,-33.027,0.0,0.0,0.0
TSPO,-29.34,-31.421,-28.024,0.0,0.0,0.001
TSPYL5,-26.302,-30.885,-31.065,0.0,0.0,0.0
TSTD1,-40.54,-40.749,-37.996,0.0,0.0,0.0
TTC12,-22.599,-32.975,-30.35,0.0,0.0,0.0
TTC22,-29.407,-25.761,-23.813,0.0,0.0,0.0
TTC23L,-21.726,-25.336,-24.842,0.0,0.0,0.0
TTLL7,-33.25,-32.931,-36.996,0.0,0.0,0.0
TTPA,-21.153,-24.24,-22.593,0.0,0.0,0.0
TUB,-29.171,-28.994,-28.755,0.0,0.0,0.0
TXNIP,-40.779,-42.367,-41.767,0.0,0.0,0.0
TYMP,-25.321,-22.949,-21.111,0.0,0.0,0.0
UBE2E2,-36.464,-43.389,-44.976,0.0,0.0,0.0
UCHL1,-32.915,-32.679,-28.258,0.0,0.0,0.0
UCP2,-32.204,-37.429,-46.829,0.0,0.0,0.0
UGT8,-30.858,-35.274,-33.766,0.0,0.0,0.0
ULBP1,-37.279,-41.955,-40.497,0.0,0.0,0.0
ULK2,-26.188,-35.917,-40.131,0.0,0.0,0.0
UQCRH,-48.345,-53.759,-52.839,0.0,0.0,0.0
USP44,-37.564,-38.909,-33.058,0.0,0.0,0.0
VAMP5,-31.931,-37.442,-39.131,0.0,0.0,0.0
VANGL1,-32.799,-31.825,-30.376,0.0,0.0,0.001
VANGL2,-30.05,-27.089,-27.76,0.0,0.0,0.0
VASH1,-26.228,-27.926,-29.554,0.0,0.0,0.0
VEGFC,-24.685,-24.323,-25.31,0.0,0.0,0.0
VGLL3,-23.608,-24.685,-24.142,0.0,0.0,0.0
VLDLR,-35.267,-38.766,-36.476,0.0,0.0,0.0
VRK2,-27.475,-20.041,-24.026,0.0,0.008,0.002
WASF3,-33.303,-32.652,-30.912,0.0,0.0,0.0
WNK2,-20.648,-24.97,-23.463,0.0,0.0,0.0
XK,-25.865,-31.051,-36.083,0.0,0.0,0.0
XKR6,-40.187,-39.833,-37.483,0.0,0.0,0.0
XYLT1,-22.05,-27.723,-22.778,0.0,0.0,0.001
YBX2,-23.009,-26.375,-33.015,0.0,0.0,0.0
YPEL3,-42.869,-46.313,-49.643,0.0,0.0,0.0
ZBTB8B,-22.022,-24.499,-23.107,0.0,0.0,0.0
ZC2HC1A,-29.085,-29.956,-31.074,0.0,0.0,0.0
ZC2HC1C,-36.878,-38.549,-37.155,0.0,0.0,0.0
ZC3H12C,-32.321,-30.567,-30.362,0.0,0.0,0.0
ZC3HAV1L,-41.115,-41.284,-41.79,0.0,0.0,0.0
ZCCHC14,-21.122,-24.004,-23.721,0.002,0.001,0.004
ZCCHC18,-20.564,-28.592,-36.503,0.0,0.0,0.0
ZDBF2,-26.702,-31.517,-40.567,0.0,0.0,0.0
ZFAND4,-23.313,-39.457,-43.989,0.0,0.0,0.0
ZFP14,-28.951,-34.357,-38.453,0.0,0.0,0.0
ZFP28,-36.017,-34.086,-27.811,0.0,0.0,0.0
ZFP3,-39.343,-38.5,-37.332,0.0,0.0,0.0
ZFP30,-39.01,-37.733,-35.541,0.0,0.0,0.0
ZFP37,-30.175,-35.168,-36.995,0.0,0.0,0.0
ZFP69,-41.958,-40.475,-46.628,0.0,0.0,0.0
ZFP69B,-34.362,-42.23,-45.621,0.0,0.0,0.0
ZFP82,-36.326,-36.115,-33.767,0.0,0.0,0.0
ZIC2,-25.949,-31.35,-38.579,0.0,0.0,0.0
ZMYND8,-28.998,-28.238,-26.185,0.0,0.0,0.001
ZNF10,-40.916,-48.132,-49.287,0.0,0.0,0.0
ZNF134,-32.284,-30.527,-31.589,0.0,0.0,0.0
ZNF135,-35.148,-35.72,-29.89,0.0,0.0,0.0
ZNF141,-27.352,-33.098,-45.973,0.0,0.0,0.0
ZNF155,-35.01,-34.801,-32.718,0.0,0.0,0.0
ZNF160,-35.037,-36.64,-40.061,0.0,0.0,0.0
ZNF20,-33.958,-35.923,-30.469,0.0,0.0,0.001
ZNF215,-31.93,-35.576,-36.73,0.0,0.0,0.0
ZNF22,-33.591,-36.329,-38.099,0.0,0.0,0.0
ZNF221,-32.464,-37.129,-35.604,0.0,0.0,0.0
ZNF222,-39.563,-45.483,-46.108,0.0,0.0,0.0
ZNF223,-21.674,-32.123,-32.112,0.0,0.0,0.0
ZNF229,-35.674,-33.947,-30.792,0.0,0.0,0.0
ZNF234,-40.705,-38.085,-39.383,0.0,0.0,0.0
ZNF239,-24.491,-30.679,-32.378,0.0,0.0,0.0
ZNF254,-37.18,-34.933,-31.398,0.0,0.0,0.0
ZNF274,-20.526,-32.046,-34.372,0.0,0.0,0.0
ZNF284,-41.429,-43.225,-41.888,0.0,0.0,0.0
ZNF287,-26.871,-30.587,-32.478,0.0,0.0,0.0
ZNF300,-37.424,-34.518,-30.357,0.0,0.0,0.0
ZNF304,-35.965,-34.866,-32.428,0.0,0.0,0.0
ZNF329,-35.032,-35.579,-36.476,0.0,0.0,0.0
ZNF334,-24.287,-21.565,-21.745,0.0,0.0,0.0
ZNF345,-38.432,-38.53,-38.931,0.0,0.0,0.0
ZNF347,-36.099,-34.662,-29.278,0.0,0.0,0.0
ZNF354C,-34.908,-31.818,-28.317,0.0,0.0,0.0
ZNF365,-21.184,-21.458,-23.439,0.0,0.0,0.0
ZNF396,-28.37,-36.197,-40.534,0.0,0.0,0.0
ZNF429,-34.652,-35.648,-36.754,0.0,0.0,0.0
ZNF43,-36.391,-37.213,-33.494,0.0,0.0,0.0
ZNF433,-31.115,-28.26,-24.545,0.0,0.0,0.0
ZNF442,-33.577,-38.573,-39.4,0.0,0.0,0.0
ZNF461,-33.138,-32.943,-33.947,0.0,0.0,0.0
ZNF468,-21.771,-27.246,-25.846,0.0,0.0,0.002
ZNF470,-33.442,-33.842,-31.221,0.0,0.0,0.0
ZNF471,-38.237,-38.866,-37.113,0.0,0.0,0.0
ZNF483,-26.162,-28.895,-29.972,0.0,0.0,0.0
ZNF491,-27.46,-27.017,-24.797,0.0,0.0,0.0
ZNF501,-40.363,-44.051,-44.839,0.0,0.0,0.0
ZNF506,-39.123,-41.693,-41.642,0.0,0.0,0.0
ZNF510,-28.298,-32.407,-32.339,0.0,0.0,0.0
ZNF513,-34.428,-42.583,-44.589,0.0,0.0,0.0
ZNF514,-32.957,-32.144,-31.67,0.0,0.0,0.0
ZNF518B,-26.806,-31.737,-35.019,0.0,0.0,0.0
ZNF525,-27.855,-38.187,-41.983,0.0,0.0,0.0
ZNF528,-34.312,-35.949,-35.605,0.0,0.0,0.0
ZNF532,-29.725,-33.469,-33.237,0.0,0.0,0.0
ZNF544,-39.347,-44.665,-48.851,0.0,0.0,0.0
ZNF547,-34.651,-41.913,-39.102,0.0,0.0,0.0
ZNF549,-37.709,-38.489,-37.416,0.0,0.0,0.0
ZNF558,-43.304,-47.445,-47.303,0.0,0.0,0.0
ZNF559,-36.045,-34.945,-36.483,0.0,0.0,0.0
ZNF568,-28.947,-26.729,-22.91,0.0,0.0,0.0
ZNF570,-34.506,-32.265,-27.919,0.0,0.0,0.0
ZNF578,-26.573,-29.75,-24.544,0.0,0.0,0.0
ZNF583,-39.662,-36.527,-30.459,0.0,0.0,0.0
ZNF585A,-40.429,-42.742,-40.883,0.0,0.0,0.0
ZNF595,-22.949,-20.695,-23.167,0.0,0.0,0.0
ZNF597,-24.114,-29.81,-38.419,0.0,0.0,0.0
ZNF607,-38.441,-40.425,-37.585,0.0,0.0,0.0
ZNF615,-35.38,-40.592,-40.89,0.0,0.0,0.0
ZNF619,-32.267,-31.62,-31.097,0.0,0.0,0.0
ZNF625,-34.915,-29.8,-27.305,0.0,0.0,0.0
ZNF630,-26.667,-36.577,-37.093,0.0,0.0,0.0
ZNF655,-37.428,-38.011,-37.311,0.0,0.0,0.0
ZNF662,-33.873,-33.177,-27.358,0.0,0.0,0.0
ZNF667,-38.757,-35.324,-26.659,0.0,0.0,0.0
ZNF675,-36.58,-43.348,-47.207,0.0,0.0,0.0
ZNF677,-42.9,-40.82,-34.265,0.0,0.0,0.0
ZNF701,-33.662,-34.731,-30.874,0.0,0.0,0.0
ZNF709,-33.047,-28.835,-26.105,0.0,0.0,0.002
ZNF71,-35.601,-35.808,-34.653,0.0,0.0,0.0
ZNF717,-40.541,-42.069,-43.267,0.0,0.0,0.0
ZNF724,-29.622,-34.649,-37.011,0.0,0.0,0.0
ZNF726,-33.396,-39.656,-38.817,0.0,0.0,0.0
ZNF75A,-29.91,-28.676,-32.351,0.0,0.0,0.0
ZNF785,-38.452,-43.118,-46.358,0.0,0.0,0.0
ZNF793,-32.604,-30.572,-26.716,0.0,0.0,0.0
ZNF804A,-24.723,-24.106,-26.45,0.0,0.0,0.0
ZNF808,-35.478,-42.917,-44.395,0.0,0.0,0.0
ZNF813,-38.411,-39.661,-37.87,0.0,0.0,0.0
ZNF816,-39.424,-40.05,-41.539,0.0,0.0,0.0
ZNF829,-34.652,-33.349,-26.169,0.0,0.0,0.0
ZNF850,-28.581,-31.659,-38.04,0.0,0.0,0.0
ZNF853,-29.235,-28.49,-24.294,0.0,0.0,0.0
ZNF860,-27.746,-28.782,-28.009,0.0,0.0,0.001
ZNF879,-35.165,-37.563,-39.182,0.0,0.0,0.0
ZNF883,-33.93,-33.938,-34.898,0.0,0.0,0.0
ZNF891,-42.869,-48.076,-51.431,0.0,0.0,0.0
ZP3,-20.869,-28.045,-34.871,0.0,0.0,0.0
ZSCAN1,-32.037,-30.12,-25.404,0.0,0.0,0.0
ZSCAN12,-29.342,-30.252,-26.666,0.0,0.0,0.0
ZSCAN16,-37.126,-42.66,-44.604,0.0,0.0,0.0
ZSCAN18,-39.142,-36.67,-33.347,0.0,0.0,0.0
ZSCAN23,-33.797,-36.85,-36.318,0.0,0.0,0.0
ZYG11A,-23.256,-25.259,-28.586,0.0,0.0,0.0
